time,value
1618832972.0,
1618832972.0,
1618832972.0,
1619074510.0,
1619074510.0,
1619075752.0,
1619075752.0,
1619077405.0,
1619077405.0,
1619077406.0,
1619077406.0,
1619775101.0,0.0
1619775101.0,0.0
1619776299.0,0.0
1619776299.0,0.0
1619777499.0,0.0
1619777499.0,0.0
1619778699.0,0.0
1619778699.0,0.0
1619779899.0,0.0
1619779899.0,0.0
1619781099.0,0.0
1619781099.0,0.0
1619782299.0,24.0
1619782299.0,24.0
1619783500.0,24.0
1619783500.0,24.0
1619784699.0,24.0
1619784699.0,24.0
1619785899.0,24.0
1619785899.0,24.0
1619787099.0,24.0
1619787099.0,24.0
1619788299.0,24.0
1619788299.0,24.0
1619789499.0,24.0
1619789499.0,24.0
1619790699.0,24.0
1619790699.0,24.0
1619791900.0,24.0
1619791900.0,24.0
1619793099.0,24.0
1619793099.0,24.0
1619794299.0,24.0
1619794299.0,24.0
1619794299.0,24.0
1619795499.0,24.0
1619795499.0,24.0
1619795499.0,24.0
1619796700.0,24.0
1619796700.0,24.0
1619796700.0,24.0
1619797900.0,24.0
1619797900.0,24.0
1619797900.0,24.0
1619799100.0,24.0
1619799100.0,24.0
1619799100.0,24.0
1619800301.0,24.0
1619800301.0,24.0
1619800301.0,24.0
1619801500.0,25.0
1619801500.0,25.0
1619801500.0,25.0
1619802700.0,25.0
1619802700.0,25.0
1619802700.0,25.0
1619803900.0,26.0
1619803900.0,26.0
1619803900.0,26.0
1619805100.0,26.0
1619805100.0,26.0
1619805100.0,26.0
1619806300.0,27.0
1619806300.0,27.0
1619806300.0,27.0
1619807500.0,27.0
1619807500.0,27.0
1619807500.0,27.0
1619808701.0,27.0
1619808701.0,27.0
1619808701.0,27.0
1619809900.0,28.0
1619809900.0,28.0
1619809900.0,28.0
1619811100.0,28.0
1619811100.0,28.0
1619811100.0,28.0
1619812301.0,28.0
1619812301.0,28.0
1619812301.0,28.0
1619813501.0,28.0
1619813501.0,28.0
1619813501.0,28.0
1619814701.0,28.0
1619814701.0,28.0
1619814701.0,28.0
1619815901.0,28.0
1619815901.0,28.0
1619815901.0,28.0
1619817101.0,28.0
1619817101.0,28.0
1619817101.0,28.0
1619818301.0,28.0
1619818301.0,28.0
1619818301.0,28.0
1619819501.0,28.0
1619819501.0,28.0
1619819501.0,28.0
1619820700.0,28.0
1619820700.0,28.0
1619820700.0,28.0
1619821901.0,28.0
1619821901.0,28.0
1619821901.0,28.0
1619823101.0,29.0
1619823101.0,29.0
1619823101.0,29.0
1619824301.0,29.0
1619824301.0,29.0
1619824301.0,29.0
1619825502.0,29.0
1619825502.0,29.0
1619825502.0,29.0
1619826701.0,29.0
1619826701.0,29.0
1619826701.0,29.0
1619827901.0,29.0
1619827901.0,29.0
1619827901.0,29.0
1619829101.0,29.0
1619829101.0,29.0
1619829101.0,29.0
1619830301.0,29.0
1619830301.0,29.0
1619830301.0,29.0
1619831501.0,29.0
1619831501.0,29.0
1619831501.0,29.0
1619832702.0,29.0
1619832702.0,29.0
1619832702.0,29.0
1619833901.0,29.0
1619833901.0,29.0
1619833901.0,29.0
1619835101.0,28.0
1619835101.0,28.0
1619835101.0,28.0
1619836302.0,28.0
1619836302.0,28.0
1619836302.0,28.0
1619837502.0,28.0
1619837502.0,28.0
1619837502.0,28.0
1619838702.0,29.0
1619838702.0,29.0
1619838702.0,29.0
1619839902.0,35.0
1619839902.0,35.0
1619839902.0,35.0
1619841102.0,34.0
1619841102.0,34.0
1619841102.0,34.0
1619842302.0,33.0
1619842302.0,33.0
1619842302.0,33.0
1619843502.0,33.0
1619843502.0,33.0
1619843502.0,33.0
1619844702.0,33.0
1619844702.0,33.0
1619844702.0,33.0
1619845902.0,33.0
1619845902.0,33.0
1619845902.0,33.0
1619847102.0,33.0
1619847102.0,33.0
1619847102.0,33.0
1619848302.0,33.0
1619848302.0,33.0
1619848302.0,33.0
1619849503.0,33.0
1619849503.0,33.0
1619849503.0,33.0
1619850703.0,33.0
1619850703.0,33.0
1619850703.0,33.0
1619851903.0,33.0
1619851903.0,33.0
1619851903.0,33.0
1619853103.0,33.0
1619853103.0,33.0
1619853103.0,33.0
1619854303.0,34.0
1619854303.0,34.0
1619854303.0,34.0
1619855503.0,34.0
1619855503.0,34.0
1619855503.0,34.0
1619856703.0,34.0
1619856703.0,34.0
1619856703.0,34.0
1619857903.0,34.0
1619857903.0,34.0
1619857903.0,34.0
1619859103.0,34.0
1619859103.0,34.0
1619859103.0,34.0
1619860303.0,34.0
1619860303.0,34.0
1619860303.0,34.0
1619861503.0,34.0
1619861503.0,34.0
1619861503.0,34.0
1619862703.0,34.0
1619862703.0,34.0
1619862703.0,34.0
1619865103.0,34.0
1619865103.0,34.0
1619865103.0,34.0
1619866303.0,34.0
1619866303.0,34.0
1619866303.0,34.0
1619867504.0,34.0
1619867504.0,34.0
1619867504.0,34.0
1619868704.0,34.0
1619868704.0,34.0
1619868704.0,34.0
1619869904.0,34.0
1619869904.0,34.0
1619869904.0,34.0
1619871104.0,34.0
1619871104.0,34.0
1619871104.0,34.0
1619872304.0,34.0
1619872304.0,34.0
1619872304.0,34.0
1619873504.0,34.0
1619873504.0,34.0
1619873504.0,34.0
1619874704.0,35.0
1619874704.0,35.0
1619874704.0,35.0
1619875904.0,35.0
1619875904.0,35.0
1619875904.0,35.0
1619877104.0,35.0
1619877104.0,35.0
1619877104.0,35.0
1619878304.0,35.0
1619878304.0,35.0
1619878304.0,35.0
1619879504.0,35.0
1619879504.0,35.0
1619879504.0,35.0
1619880704.0,35.0
1619880704.0,35.0
1619880704.0,35.0
1619881904.0,35.0
1619881904.0,35.0
1619881904.0,35.0
1619883104.0,35.0
1619883104.0,35.0
1619883104.0,35.0
1619884305.0,35.0
1619884305.0,35.0
1619884305.0,35.0
1619885504.0,35.0
1619885504.0,35.0
1619885504.0,35.0
1619886705.0,35.0
1619886705.0,35.0
1619886705.0,35.0
1619887905.0,35.0
1619887905.0,35.0
1619887905.0,35.0
1619889105.0,35.0
1619889105.0,35.0
1619889105.0,35.0
1619890305.0,35.0
1619890305.0,35.0
1619890305.0,35.0
1619891505.0,35.0
1619891505.0,35.0
1619891505.0,35.0
1619892705.0,35.0
1619892705.0,35.0
1619892705.0,35.0
1619893905.0,35.0
1619893905.0,35.0
1619893905.0,35.0
1619895105.0,35.0
1619895105.0,35.0
1619895105.0,35.0
1619896305.0,36.0
1619896305.0,36.0
1619896305.0,36.0
1619897505.0,36.0
1619897505.0,36.0
1619897505.0,36.0
1619898705.0,36.0
1619898705.0,36.0
1619898705.0,36.0
1619899905.0,36.0
1619899905.0,36.0
1619899905.0,36.0
1619901105.0,36.0
1619901105.0,36.0
1619901105.0,36.0
1619902306.0,37.0
1619902306.0,37.0
1619902306.0,37.0
1619903506.0,37.0
1619903506.0,37.0
1619903506.0,37.0
1619904706.0,36.0
1619904706.0,36.0
1619904706.0,36.0
1619905906.0,36.0
1619905906.0,36.0
1619905906.0,36.0
1619907106.0,36.0
1619907106.0,36.0
1619907106.0,36.0
1619908306.0,36.0
1619908306.0,36.0
1619908306.0,36.0
1619909506.0,36.0
1619909506.0,36.0
1619909506.0,36.0
1619910705.0,36.0
1619910705.0,36.0
1619910705.0,36.0
1619911906.0,36.0
1619911906.0,36.0
1619911906.0,36.0
1619913106.0,36.0
1619913106.0,36.0
1619913106.0,36.0
1619914306.0,36.0
1619914306.0,36.0
1619914306.0,36.0
1619915506.0,36.0
1619915506.0,36.0
1619915506.0,36.0
1619916706.0,36.0
1619916706.0,36.0
1619916706.0,36.0
1619917906.0,36.0
1619917906.0,36.0
1619917906.0,36.0
1619919107.0,36.0
1619919107.0,36.0
1619919107.0,36.0
1619920307.0,36.0
1619920307.0,36.0
1619920307.0,36.0
1619921507.0,35.0
1619921507.0,35.0
1619921507.0,35.0
1619922707.0,35.0
1619922707.0,35.0
1619922707.0,35.0
1619923907.0,35.0
1619923907.0,35.0
1619923907.0,35.0
1619925107.0,35.0
1619925107.0,35.0
1619925107.0,35.0
1619926307.0,37.0
1619926307.0,37.0
1619926307.0,37.0
1619927507.0,36.0
1619927507.0,36.0
1619927507.0,36.0
1619928707.0,36.0
1619928707.0,36.0
1619928707.0,36.0
1619929907.0,36.0
1619929907.0,36.0
1619929907.0,36.0
1619931107.0,35.0
1619931107.0,35.0
1619931107.0,35.0
1619932307.0,35.0
1619932307.0,35.0
1619932307.0,35.0
1619933507.0,35.0
1619933507.0,35.0
1619933507.0,35.0
1619934707.0,35.0
1619934707.0,35.0
1619934707.0,35.0
1619935908.0,35.0
1619935908.0,35.0
1619935908.0,35.0
1619937108.0,35.0
1619937108.0,35.0
1619937108.0,35.0
1619938308.0,35.0
1619938308.0,35.0
1619938308.0,35.0
1619939508.0,35.0
1619939508.0,35.0
1619939508.0,35.0
1619940707.0,35.0
1619940707.0,35.0
1619940707.0,35.0
1619941908.0,35.0
1619941908.0,35.0
1619941908.0,35.0
1619943108.0,34.0
1619943108.0,34.0
1619943108.0,34.0
1619944308.0,34.0
1619944308.0,34.0
1619944308.0,34.0
1619945508.0,34.0
1619945508.0,34.0
1619945508.0,34.0
1619946708.0,34.0
1619946708.0,34.0
1619946708.0,34.0
1619947908.0,34.0
1619947908.0,34.0
1619947908.0,34.0
1619949108.0,34.0
1619949108.0,34.0
1619949108.0,34.0
1619950308.0,34.0
1619950308.0,34.0
1619950308.0,34.0
1619951508.0,34.0
1619951508.0,34.0
1619951508.0,34.0
1619952708.0,34.0
1619952708.0,34.0
1619952708.0,34.0
1619953909.0,34.0
1619953909.0,34.0
1619953909.0,34.0
1619955109.0,34.0
1619955109.0,34.0
1619955109.0,34.0
1619956309.0,34.0
1619956309.0,34.0
1619956309.0,34.0
1619957509.0,34.0
1619957509.0,34.0
1619957509.0,34.0
1619958709.0,34.0
1619958709.0,34.0
1619958709.0,34.0
1619959909.0,34.0
1619959909.0,34.0
1619959909.0,34.0
1619961108.0,34.0
1619961108.0,34.0
1619961108.0,34.0
1619962309.0,34.0
1619962309.0,34.0
1619962309.0,34.0
1619963509.0,34.0
1619963509.0,34.0
1619963509.0,34.0
1619964709.0,34.0
1619964709.0,34.0
1619964709.0,34.0
1619965909.0,34.0
1619965909.0,34.0
1619965909.0,34.0
1619967109.0,34.0
1619967109.0,34.0
1619967109.0,34.0
1619968309.0,34.0
1619968309.0,34.0
1619968309.0,34.0
1619969509.0,34.0
1619969509.0,34.0
1619969509.0,34.0
1619970714.0,34.0
1619970714.0,34.0
1619970714.0,34.0
1619971909.0,34.0
1619971909.0,34.0
1619971909.0,34.0
1619973109.0,34.0
1619973109.0,34.0
1619973109.0,34.0
1619974310.0,34.0
1619974310.0,34.0
1619974310.0,34.0
1619975510.0,33.0
1619975510.0,33.0
1619975510.0,33.0
1619976710.0,33.0
1619976710.0,33.0
1619976710.0,33.0
1619977910.0,33.0
1619977910.0,33.0
1619977910.0,33.0
1619979110.0,33.0
1619979110.0,33.0
1619979110.0,33.0
1619980310.0,33.0
1619980310.0,33.0
1619980310.0,33.0
1619981510.0,33.0
1619981510.0,33.0
1619981510.0,33.0
1619982710.0,33.0
1619982710.0,33.0
1619982710.0,33.0
1619983910.0,33.0
1619983910.0,33.0
1619983910.0,33.0
1619985111.0,33.0
1619985111.0,33.0
1619985111.0,33.0
1619986310.0,33.0
1619986310.0,33.0
1619986310.0,33.0
1619987510.0,33.0
1619987510.0,33.0
1619987510.0,33.0
1619988710.0,33.0
1619988710.0,33.0
1619988710.0,33.0
1619989910.0,33.0
1619989910.0,33.0
1619989910.0,33.0
1619991110.0,33.0
1619991110.0,33.0
1619991110.0,33.0
1619992311.0,33.0
1619992311.0,33.0
1619992311.0,33.0
1619993511.0,33.0
1619993511.0,33.0
1619993511.0,33.0
1619994711.0,33.0
1619994711.0,33.0
1619994711.0,33.0
1619995910.0,33.0
1619995910.0,33.0
1619995910.0,33.0
1619997110.0,33.0
1619997110.0,33.0
1619997110.0,33.0
1619998311.0,33.0
1619998311.0,33.0
1619998311.0,33.0
1619999511.0,33.0
1619999511.0,33.0
1619999511.0,33.0
1620000711.0,33.0
1620000711.0,33.0
1620000711.0,33.0
1620001911.0,33.0
1620001911.0,33.0
1620001911.0,33.0
1620003111.0,33.0
1620003111.0,33.0
1620003111.0,33.0
1620004311.0,33.0
1620004311.0,33.0
1620004311.0,33.0
1620005511.0,33.0
1620005511.0,33.0
1620005511.0,33.0
1620006711.0,33.0
1620006711.0,33.0
1620006711.0,33.0
1620007912.0,33.0
1620007912.0,33.0
1620007912.0,33.0
1620009112.0,33.0
1620009112.0,33.0
1620009112.0,33.0
1620010312.0,33.0
1620010312.0,33.0
1620010312.0,33.0
1620011512.0,33.0
1620011512.0,33.0
1620011512.0,33.0
1620012712.0,33.0
1620012712.0,33.0
1620012712.0,33.0
1620013912.0,33.0
1620013912.0,33.0
1620013912.0,33.0
1620015112.0,33.0
1620015112.0,33.0
1620015112.0,33.0
1620016312.0,33.0
1620016312.0,33.0
1620016312.0,33.0
1620017512.0,33.0
1620017512.0,33.0
1620017512.0,33.0
1620018712.0,33.0
1620018712.0,33.0
1620018712.0,33.0
1620019912.0,33.0
1620019912.0,33.0
1620019912.0,33.0
1620021112.0,33.0
1620021112.0,33.0
1620021112.0,33.0
1620022312.0,33.0
1620022312.0,33.0
1620022312.0,33.0
1620023513.0,33.0
1620023513.0,33.0
1620023513.0,33.0
1620024713.0,33.0
1620024713.0,33.0
1620024713.0,33.0
1620025913.0,33.0
1620025913.0,33.0
1620025913.0,33.0
1620027113.0,33.0
1620027113.0,33.0
1620027113.0,33.0
1620028313.0,33.0
1620028313.0,33.0
1620028313.0,33.0
1620029513.0,33.0
1620029513.0,33.0
1620029513.0,33.0
1620030713.0,33.0
1620030713.0,33.0
1620030713.0,33.0
1620031913.0,33.0
1620031913.0,33.0
1620031913.0,33.0
1620033113.0,32.0
1620033113.0,32.0
1620033113.0,32.0
1620034313.0,32.0
1620034313.0,32.0
1620034313.0,32.0
1620035513.0,32.0
1620035513.0,32.0
1620035513.0,32.0
1620036713.0,32.0
1620036713.0,32.0
1620036713.0,32.0
1620037913.0,32.0
1620037913.0,32.0
1620037913.0,32.0
1620039113.0,32.0
1620039113.0,32.0
1620039113.0,32.0
1620040313.0,32.0
1620040313.0,32.0
1620040313.0,32.0
1620041513.0,23.0
1620041513.0,23.0
1620041513.0,23.0
1620042714.0,23.0
1620042714.0,23.0
1620042714.0,23.0
1620043913.0,23.0
1620043913.0,23.0
1620043913.0,23.0
1620045113.0,23.0
1620045113.0,23.0
1620045113.0,23.0
1620046313.0,23.0
1620046313.0,23.0
1620046313.0,23.0
1620047514.0,23.0
1620047514.0,23.0
1620047514.0,23.0
1620048714.0,23.0
1620048714.0,23.0
1620048714.0,23.0
1620049914.0,22.0
1620049914.0,22.0
1620049914.0,22.0
1620051114.0,22.0
1620051114.0,22.0
1620051114.0,22.0
1620052314.0,22.0
1620052314.0,22.0
1620052314.0,22.0
1620053514.0,22.0
1620053514.0,22.0
1620053514.0,22.0
1620054714.0,22.0
1620054714.0,22.0
1620054714.0,22.0
1620055913.0,22.0
1620055913.0,22.0
1620055913.0,22.0
1620057114.0,22.0
1620057114.0,22.0
1620057114.0,22.0
1620058314.0,22.0
1620058314.0,22.0
1620058314.0,22.0
1620059514.0,22.0
1620059514.0,22.0
1620059514.0,22.0
1620060714.0,22.0
1620060714.0,22.0
1620060714.0,22.0
1620061914.0,22.0
1620061914.0,22.0
1620061914.0,22.0
1620063114.0,22.0
1620063114.0,22.0
1620063114.0,22.0
1620064320.0,22.0
1620064320.0,22.0
1620064320.0,22.0
1620065514.0,22.0
1620065514.0,22.0
1620065514.0,22.0
1620066715.0,22.0
1620066715.0,22.0
1620066715.0,22.0
1620067915.0,22.0
1620067915.0,22.0
1620067915.0,22.0
1620069115.0,22.0
1620069115.0,22.0
1620069115.0,22.0
1620071515.0,22.0
1620071515.0,22.0
1620071515.0,22.0
1620072715.0,22.0
1620072715.0,22.0
1620072715.0,22.0
1620073915.0,22.0
1620073915.0,22.0
1620073915.0,22.0
1620075115.0,22.0
1620075115.0,22.0
1620075115.0,22.0
1620076315.0,22.0
1620076315.0,22.0
1620076315.0,22.0
1620077515.0,22.0
1620077515.0,22.0
1620077515.0,22.0
1620078715.0,22.0
1620078715.0,22.0
1620078715.0,22.0
1620079915.0,22.0
1620079915.0,22.0
1620079915.0,22.0
1620081115.0,22.0
1620081115.0,22.0
1620081115.0,22.0
1620082315.0,22.0
1620082315.0,22.0
1620082315.0,22.0
1620083516.0,22.0
1620083516.0,22.0
1620083516.0,22.0
1620084716.0,22.0
1620084716.0,22.0
1620084716.0,22.0
1620085916.0,22.0
1620085916.0,22.0
1620085916.0,22.0
1620087116.0,22.0
1620087116.0,22.0
1620087116.0,22.0
1620088316.0,22.0
1620088316.0,22.0
1620088316.0,22.0
1620089516.0,22.0
1620089516.0,22.0
1620089516.0,22.0
1620090716.0,22.0
1620090716.0,22.0
1620090716.0,22.0
1620091916.0,22.0
1620091916.0,22.0
1620091916.0,22.0
1620093116.0,22.0
1620093116.0,22.0
1620093116.0,22.0
1620094316.0,22.0
1620094316.0,22.0
1620094316.0,22.0
1620095516.0,22.0
1620095516.0,22.0
1620095516.0,22.0
1620096716.0,22.0
1620096716.0,22.0
1620096716.0,22.0
1620097916.0,22.0
1620097916.0,22.0
1620097916.0,22.0
1620099116.0,22.0
1620099116.0,22.0
1620099116.0,22.0
1620100317.0,22.0
1620100317.0,22.0
1620100317.0,22.0
1620101516.0,22.0
1620101516.0,22.0
1620101516.0,22.0
1620102717.0,22.0
1620102717.0,22.0
1620102717.0,22.0
1620103917.0,22.0
1620103917.0,22.0
1620103917.0,22.0
1620105117.0,22.0
1620105117.0,22.0
1620105117.0,22.0
1620106317.0,22.0
1620106317.0,22.0
1620106317.0,22.0
1620107516.0,22.0
1620107516.0,22.0
1620107516.0,22.0
1620108717.0,22.0
1620108717.0,22.0
1620108717.0,22.0
1620109917.0,22.0
1620109917.0,22.0
1620109917.0,22.0
1620111117.0,22.0
1620111117.0,22.0
1620111117.0,22.0
1620112317.0,22.0
1620112317.0,22.0
1620112317.0,22.0
1620113517.0,22.0
1620113517.0,22.0
1620113517.0,22.0
1620114717.0,22.0
1620114717.0,22.0
1620114717.0,22.0
1620115917.0,22.0
1620115917.0,22.0
1620115917.0,22.0
1620117117.0,22.0
1620117117.0,22.0
1620117117.0,22.0
1620118318.0,22.0
1620118318.0,22.0
1620118318.0,22.0
1620119517.0,22.0
1620119517.0,22.0
1620119517.0,22.0
1620120718.0,22.0
1620120718.0,22.0
1620120718.0,22.0
1620121918.0,22.0
1620121918.0,22.0
1620121918.0,22.0
1620123118.0,21.0
1620123118.0,21.0
1620123118.0,21.0
1620124318.0,21.0
1620124318.0,21.0
1620124318.0,21.0
1620125518.0,21.0
1620125518.0,21.0
1620125518.0,21.0
1620126718.0,21.0
1620126718.0,21.0
1620126718.0,21.0
1620127918.0,21.0
1620127918.0,21.0
1620127918.0,21.0
1620129118.0,21.0
1620129118.0,21.0
1620129118.0,21.0
1620130318.0,21.0
1620130318.0,21.0
1620130318.0,21.0
1620131518.0,21.0
1620131518.0,21.0
1620131518.0,21.0
1620132718.0,21.0
1620132718.0,21.0
1620132718.0,21.0
1620133918.0,21.0
1620133918.0,21.0
1620133918.0,21.0
1620135118.0,21.0
1620135118.0,21.0
1620135118.0,21.0
1620136318.0,21.0
1620136318.0,21.0
1620136318.0,21.0
1620137518.0,21.0
1620137518.0,21.0
1620137518.0,21.0
1620138718.0,21.0
1620138718.0,21.0
1620138718.0,21.0
1620139919.0,21.0
1620139919.0,21.0
1620139919.0,21.0
1620141119.0,21.0
1620141119.0,21.0
1620141119.0,21.0
1620142319.0,21.0
1620142319.0,21.0
1620142319.0,21.0
1620143520.0,21.0
1620143520.0,21.0
1620143520.0,21.0
1620144719.0,21.0
1620144719.0,21.0
1620144719.0,21.0
1620145918.0,21.0
1620145918.0,21.0
1620145918.0,21.0
1620147119.0,21.0
1620147119.0,21.0
1620147119.0,21.0
1620148319.0,21.0
1620148319.0,21.0
1620148319.0,21.0
1620149519.0,21.0
1620149519.0,21.0
1620149519.0,21.0
1620150719.0,21.0
1620150719.0,21.0
1620150719.0,21.0
1620151919.0,21.0
1620151919.0,21.0
1620151919.0,21.0
1620153119.0,21.0
1620153119.0,21.0
1620153119.0,21.0
1620154319.0,21.0
1620154319.0,21.0
1620154319.0,21.0
1620155519.0,21.0
1620155519.0,21.0
1620155519.0,21.0
1620156719.0,21.0
1620156719.0,21.0
1620156719.0,21.0
1620157919.0,21.0
1620157919.0,21.0
1620157919.0,21.0
1620159119.0,21.0
1620159119.0,21.0
1620159119.0,21.0
1620160319.0,21.0
1620160319.0,21.0
1620160319.0,21.0
1620161520.0,21.0
1620161520.0,21.0
1620161520.0,21.0
1620162719.0,21.0
1620162719.0,21.0
1620162719.0,21.0
1620163920.0,22.0
1620163920.0,22.0
1620163920.0,22.0
1620165119.0,22.0
1620165119.0,22.0
1620165119.0,22.0
1620166320.0,22.0
1620166320.0,22.0
1620166320.0,22.0
1620167520.0,22.0
1620167520.0,22.0
1620167520.0,22.0
1620168720.0,22.0
1620168720.0,22.0
1620168720.0,22.0
1620169920.0,22.0
1620169920.0,22.0
1620169920.0,22.0
1620171120.0,22.0
1620171120.0,22.0
1620171120.0,22.0
1620172320.0,22.0
1620172320.0,22.0
1620172320.0,22.0
1620173520.0,22.0
1620173520.0,22.0
1620173520.0,22.0
1620174720.0,22.0
1620174720.0,22.0
1620174720.0,22.0
1620175920.0,22.0
1620175920.0,22.0
1620175920.0,22.0
1620177120.0,22.0
1620177120.0,22.0
1620177120.0,22.0
1620178320.0,22.0
1620178320.0,22.0
1620178320.0,22.0
1620179521.0,22.0
1620179521.0,22.0
1620179521.0,22.0
1620180721.0,22.0
1620180721.0,22.0
1620180721.0,22.0
1620181921.0,22.0
1620181921.0,22.0
1620181921.0,22.0
1620183120.0,22.0
1620183120.0,22.0
1620183120.0,22.0
1620184321.0,22.0
1620184321.0,22.0
1620184321.0,22.0
1620185521.0,22.0
1620185521.0,22.0
1620185521.0,22.0
1620186721.0,22.0
1620186721.0,22.0
1620186721.0,22.0
1620187921.0,22.0
1620187921.0,22.0
1620187921.0,22.0
1620189121.0,22.0
1620189121.0,22.0
1620189121.0,22.0
1620190321.0,28.0
1620190321.0,28.0
1620190321.0,28.0
1620191521.0,29.0
1620191521.0,29.0
1620191521.0,29.0
1620192721.0,28.0
1620192721.0,28.0
1620192721.0,28.0
1620193921.0,28.0
1620193921.0,28.0
1620193921.0,28.0
1620195121.0,27.0
1620195121.0,27.0
1620195121.0,27.0
1620196321.0,27.0
1620196321.0,27.0
1620196321.0,27.0
1620197522.0,27.0
1620197522.0,27.0
1620197522.0,27.0
1620198722.0,26.0
1620198722.0,26.0
1620198722.0,26.0
1620199922.0,26.0
1620199922.0,26.0
1620199922.0,26.0
1620201121.0,26.0
1620201121.0,26.0
1620201121.0,26.0
1620202322.0,26.0
1620202322.0,26.0
1620202322.0,26.0
1620203521.0,26.0
1620203521.0,26.0
1620203521.0,26.0
1620204722.0,26.0
1620204722.0,26.0
1620204722.0,26.0
1620205922.0,26.0
1620205922.0,26.0
1620205922.0,26.0
1620207122.0,25.0
1620207122.0,25.0
1620207122.0,25.0
1620208322.0,25.0
1620208322.0,25.0
1620208322.0,25.0
1620209522.0,25.0
1620209522.0,25.0
1620209522.0,25.0
1620210722.0,25.0
1620210722.0,25.0
1620210722.0,25.0
1620211922.0,25.0
1620211922.0,25.0
1620211922.0,25.0
1620213122.0,25.0
1620213122.0,25.0
1620213122.0,25.0
1620214322.0,25.0
1620214322.0,25.0
1620214322.0,25.0
1620215522.0,25.0
1620215522.0,25.0
1620215522.0,25.0
1620216722.0,24.0
1620216722.0,24.0
1620216722.0,24.0
1620217923.0,24.0
1620217923.0,24.0
1620217923.0,24.0
1620219123.0,24.0
1620219123.0,24.0
1620219123.0,24.0
1620220323.0,24.0
1620220323.0,24.0
1620220323.0,24.0
1620221523.0,24.0
1620221523.0,24.0
1620221523.0,24.0
1620222724.0,24.0
1620222724.0,24.0
1620222724.0,24.0
1620223923.0,24.0
1620223923.0,24.0
1620223923.0,24.0
1620225123.0,24.0
1620225123.0,24.0
1620225123.0,24.0
1620226323.0,24.0
1620226323.0,24.0
1620226323.0,24.0
1620227523.0,24.0
1620227523.0,24.0
1620227523.0,24.0
1620228723.0,24.0
1620228723.0,24.0
1620228723.0,24.0
1620229923.0,23.0
1620229923.0,23.0
1620229923.0,23.0
1620231123.0,23.0
1620231123.0,23.0
1620231123.0,23.0
1620232323.0,23.0
1620232323.0,23.0
1620232323.0,23.0
1620233523.0,23.0
1620233523.0,23.0
1620233523.0,23.0
1620234723.0,23.0
1620234723.0,23.0
1620234723.0,23.0
1620235923.0,23.0
1620235923.0,23.0
1620235923.0,23.0
1620237123.0,23.0
1620237123.0,23.0
1620237123.0,23.0
1620238324.0,23.0
1620238324.0,23.0
1620238324.0,23.0
1620239523.0,23.0
1620239523.0,23.0
1620239523.0,23.0
1620240723.0,23.0
1620240723.0,23.0
1620240723.0,23.0
1620241924.0,23.0
1620241924.0,23.0
1620241924.0,23.0
1620243123.0,23.0
1620243123.0,23.0
1620243123.0,23.0
1620244324.0,23.0
1620244324.0,23.0
1620244324.0,23.0
1620245524.0,23.0
1620245524.0,23.0
1620245524.0,23.0
1620246724.0,23.0
1620246724.0,23.0
1620246724.0,23.0
1620247924.0,23.0
1620247924.0,23.0
1620247924.0,23.0
1620249124.0,23.0
1620249124.0,23.0
1620249124.0,23.0
1620250324.0,23.0
1620250324.0,23.0
1620250324.0,23.0
1620251524.0,23.0
1620251524.0,23.0
1620251524.0,23.0
1620252724.0,23.0
1620252724.0,23.0
1620252724.0,23.0
1620253924.0,23.0
1620253924.0,23.0
1620253924.0,23.0
1620255124.0,23.0
1620255124.0,23.0
1620255124.0,23.0
1620256324.0,23.0
1620256324.0,23.0
1620256324.0,23.0
1620257524.0,23.0
1620257524.0,23.0
1620257524.0,23.0
1620258725.0,23.0
1620258725.0,23.0
1620258725.0,23.0
1620259925.0,23.0
1620259925.0,23.0
1620259925.0,23.0
1620261125.0,23.0
1620261125.0,23.0
1620261125.0,23.0
1620262325.0,23.0
1620262325.0,23.0
1620262325.0,23.0
1620263525.0,23.0
1620263525.0,23.0
1620263525.0,23.0
1620264725.0,23.0
1620264725.0,23.0
1620264725.0,23.0
1620265925.0,23.0
1620265925.0,23.0
1620265925.0,23.0
1620267125.0,23.0
1620267125.0,23.0
1620267125.0,23.0
1620268325.0,23.0
1620268325.0,23.0
1620268325.0,23.0
1620269525.0,23.0
1620269525.0,23.0
1620269525.0,23.0
1620270725.0,23.0
1620270725.0,23.0
1620270725.0,23.0
1620271925.0,23.0
1620271925.0,23.0
1620271925.0,23.0
1620273125.0,23.0
1620273125.0,23.0
1620273125.0,23.0
1620274326.0,23.0
1620274326.0,23.0
1620274326.0,23.0
1620275526.0,23.0
1620275526.0,23.0
1620275526.0,23.0
1620276726.0,23.0
1620276726.0,23.0
1620276726.0,23.0
1620277926.0,23.0
1620277926.0,23.0
1620277926.0,23.0
1620279126.0,23.0
1620279126.0,23.0
1620279126.0,23.0
1620280326.0,23.0
1620280326.0,23.0
1620280326.0,23.0
1620281526.0,23.0
1620281526.0,23.0
1620281526.0,23.0
1620282726.0,23.0
1620282726.0,23.0
1620282726.0,23.0
1620283926.0,23.0
1620283926.0,23.0
1620283926.0,23.0
1620285126.0,23.0
1620285126.0,23.0
1620285126.0,23.0
1620286326.0,23.0
1620286326.0,23.0
1620286326.0,23.0
1620287526.0,22.0
1620287526.0,22.0
1620287526.0,22.0
1620288726.0,22.0
1620288726.0,22.0
1620288726.0,22.0
1620289926.0,22.0
1620289926.0,22.0
1620289926.0,22.0
1620291127.0,22.0
1620291127.0,22.0
1620291127.0,22.0
1620292327.0,22.0
1620292327.0,22.0
1620292327.0,22.0
1620293527.0,22.0
1620293527.0,22.0
1620293527.0,22.0
1620294726.0,22.0
1620294726.0,22.0
1620294726.0,22.0
1620295927.0,22.0
1620295927.0,22.0
1620295927.0,22.0
1620297127.0,22.0
1620297127.0,22.0
1620297127.0,22.0
1620298327.0,22.0
1620298327.0,22.0
1620298327.0,22.0
1620299527.0,22.0
1620299527.0,22.0
1620299527.0,22.0
1620300728.0,22.0
1620300728.0,22.0
1620300728.0,22.0
1620301927.0,22.0
1620301927.0,22.0
1620301927.0,22.0
1620303127.0,22.0
1620303127.0,22.0
1620303127.0,22.0
1620304327.0,22.0
1620304327.0,22.0
1620304327.0,22.0
1620305527.0,22.0
1620305527.0,22.0
1620305527.0,22.0
1620306727.0,22.0
1620306727.0,22.0
1620306727.0,22.0
1620307927.0,22.0
1620307927.0,22.0
1620307927.0,22.0
1620309127.0,22.0
1620309127.0,22.0
1620309127.0,22.0
1620310328.0,22.0
1620310328.0,22.0
1620310328.0,22.0
1620311528.0,23.0
1620311528.0,23.0
1620311528.0,23.0
1620312728.0,23.0
1620312728.0,23.0
1620312728.0,23.0
1620313928.0,23.0
1620313928.0,23.0
1620313928.0,23.0
1620315127.0,25.0
1620315127.0,25.0
1620315127.0,25.0
1620316328.0,26.0
1620316328.0,26.0
1620316328.0,26.0
1620317528.0,26.0
1620317528.0,26.0
1620317528.0,26.0
1620318728.0,26.0
1620318728.0,26.0
1620318728.0,26.0
1620319928.0,26.0
1620319928.0,26.0
1620319928.0,26.0
1620321128.0,33.0
1620321128.0,33.0
1620321128.0,33.0
1620322328.0,34.0
1620322328.0,34.0
1620322328.0,34.0
1620323528.0,34.0
1620323528.0,34.0
1620323528.0,34.0
1620324728.0,33.0
1620324728.0,33.0
1620324728.0,33.0
1620325929.0,31.0
1620325929.0,31.0
1620325929.0,31.0
1620327129.0,30.0
1620327129.0,30.0
1620327129.0,30.0
1620328329.0,30.0
1620328329.0,30.0
1620328329.0,30.0
1620329529.0,29.0
1620329529.0,29.0
1620329529.0,29.0
1620330728.0,29.0
1620330728.0,29.0
1620330728.0,29.0
1620331929.0,29.0
1620331929.0,29.0
1620331929.0,29.0
1620333129.0,28.0
1620333129.0,28.0
1620333129.0,28.0
1620334329.0,28.0
1620334329.0,28.0
1620334329.0,28.0
1620335529.0,28.0
1620335529.0,28.0
1620335529.0,28.0
1620336729.0,28.0
1620336729.0,28.0
1620336729.0,28.0
1620337929.0,28.0
1620337929.0,28.0
1620337929.0,28.0
1620339129.0,28.0
1620339129.0,28.0
1620339129.0,28.0
1620340329.0,28.0
1620340329.0,28.0
1620340329.0,28.0
1620341529.0,28.0
1620341529.0,28.0
1620341529.0,28.0
1620342729.0,27.0
1620342729.0,27.0
1620342729.0,27.0
1620343929.0,27.0
1620343929.0,27.0
1620343929.0,27.0
1620345130.0,27.0
1620345130.0,27.0
1620345130.0,27.0
1620346330.0,27.0
1620346330.0,27.0
1620346330.0,27.0
1620347530.0,28.0
1620347530.0,28.0
1620347530.0,28.0
1620348730.0,30.0
1620348730.0,30.0
1620348730.0,30.0
1620349929.0,30.0
1620349929.0,30.0
1620349929.0,30.0
1620351130.0,29.0
1620351130.0,29.0
1620351130.0,29.0
1620352329.0,29.0
1620352329.0,29.0
1620352329.0,29.0
1620353530.0,29.0
1620353530.0,29.0
1620353530.0,29.0
1620354730.0,29.0
1620354730.0,29.0
1620354730.0,29.0
1620355930.0,28.0
1620355930.0,28.0
1620355930.0,28.0
1620357130.0,28.0
1620357130.0,28.0
1620357130.0,28.0
1620358331.0,28.0
1620358331.0,28.0
1620358331.0,28.0
1620359530.0,28.0
1620359530.0,28.0
1620359530.0,28.0
1620360730.0,28.0
1620360730.0,28.0
1620360730.0,28.0
1620361931.0,28.0
1620361931.0,28.0
1620361931.0,28.0
1620363131.0,28.0
1620363131.0,28.0
1620363131.0,28.0
1620364331.0,28.0
1620364331.0,28.0
1620364331.0,28.0
1620365531.0,28.0
1620365531.0,28.0
1620365531.0,28.0
1620366731.0,28.0
1620366731.0,28.0
1620366731.0,28.0
1620367931.0,32.0
1620367931.0,32.0
1620367931.0,32.0
1620369131.0,31.0
1620369131.0,31.0
1620369131.0,31.0
1620370331.0,30.0
1620370331.0,30.0
1620370331.0,30.0
1620371531.0,30.0
1620371531.0,30.0
1620371531.0,30.0
1620372731.0,29.0
1620372731.0,29.0
1620372731.0,29.0
1620373931.0,29.0
1620373931.0,29.0
1620373931.0,29.0
1620375131.0,29.0
1620375131.0,29.0
1620375131.0,29.0
1620376331.0,29.0
1620376331.0,29.0
1620376331.0,29.0
1620377531.0,28.0
1620377531.0,28.0
1620377531.0,28.0
1620378736.0,28.0
1620378736.0,28.0
1620378736.0,28.0
1620379932.0,28.0
1620379932.0,28.0
1620379932.0,28.0
1620381131.0,28.0
1620381131.0,28.0
1620381131.0,28.0
1620382332.0,28.0
1620382332.0,28.0
1620382332.0,28.0
1620383532.0,28.0
1620383532.0,28.0
1620383532.0,28.0
1620384732.0,27.0
1620384732.0,27.0
1620384732.0,27.0
1620385932.0,27.0
1620385932.0,27.0
1620385932.0,27.0
1620387132.0,27.0
1620387132.0,27.0
1620387132.0,27.0
1620388332.0,27.0
1620388332.0,27.0
1620388332.0,27.0
1620389532.0,27.0
1620389532.0,27.0
1620389532.0,27.0
1620390732.0,27.0
1620390732.0,27.0
1620390732.0,27.0
1620391932.0,27.0
1620391932.0,27.0
1620391932.0,27.0
1620393132.0,27.0
1620393132.0,27.0
1620393132.0,27.0
1620394332.0,27.0
1620394332.0,27.0
1620394332.0,27.0
1620395532.0,27.0
1620395532.0,27.0
1620395532.0,27.0
1620396732.0,27.0
1620396732.0,27.0
1620396732.0,27.0
1620397932.0,26.0
1620397932.0,26.0
1620397932.0,26.0
1620399132.0,26.0
1620399132.0,26.0
1620399132.0,26.0
1620400332.0,26.0
1620400332.0,26.0
1620400332.0,26.0
1620401532.0,26.0
1620401532.0,26.0
1620401532.0,26.0
1620402733.0,26.0
1620402733.0,26.0
1620402733.0,26.0
1620403933.0,26.0
1620403933.0,26.0
1620403933.0,26.0
1620405132.0,26.0
1620405132.0,26.0
1620405132.0,26.0
1620406333.0,26.0
1620406333.0,26.0
1620406333.0,26.0
1620407533.0,26.0
1620407533.0,26.0
1620407533.0,26.0
1620408732.0,26.0
1620408732.0,26.0
1620408732.0,26.0
1620409933.0,26.0
1620409933.0,26.0
1620409933.0,26.0
1620411133.0,26.0
1620411133.0,26.0
1620411133.0,26.0
1620412333.0,26.0
1620412333.0,26.0
1620412333.0,26.0
1620413533.0,26.0
1620413533.0,26.0
1620413533.0,26.0
1620414733.0,26.0
1620414733.0,26.0
1620414733.0,26.0
1620415933.0,26.0
1620415933.0,26.0
1620415933.0,26.0
1620417133.0,26.0
1620417133.0,26.0
1620417133.0,26.0
1620418333.0,26.0
1620418333.0,26.0
1620418333.0,26.0
1620419533.0,26.0
1620419533.0,26.0
1620419533.0,26.0
1620420734.0,26.0
1620420734.0,26.0
1620420734.0,26.0
1620421934.0,26.0
1620421934.0,26.0
1620421934.0,26.0
1620423133.0,26.0
1620423133.0,26.0
1620423133.0,26.0
1620424334.0,26.0
1620424334.0,26.0
1620424334.0,26.0
1620425534.0,25.0
1620425534.0,25.0
1620425534.0,25.0
1620426733.0,25.0
1620426733.0,25.0
1620426733.0,25.0
1620427934.0,25.0
1620427934.0,25.0
1620427934.0,25.0
1620429134.0,25.0
1620429134.0,25.0
1620429134.0,25.0
1620430334.0,25.0
1620430334.0,25.0
1620430334.0,25.0
1620431534.0,25.0
1620431534.0,25.0
1620431534.0,25.0
1620432734.0,25.0
1620432734.0,25.0
1620432734.0,25.0
1620433934.0,25.0
1620433934.0,25.0
1620433934.0,25.0
1620435134.0,25.0
1620435134.0,25.0
1620435134.0,25.0
1620436334.0,25.0
1620436334.0,25.0
1620436334.0,25.0
1620437534.0,25.0
1620437534.0,25.0
1620437534.0,25.0
1620438735.0,25.0
1620438735.0,25.0
1620438735.0,25.0
1620439934.0,25.0
1620439934.0,25.0
1620439934.0,25.0
1620441135.0,25.0
1620441135.0,25.0
1620441135.0,25.0
1620442335.0,25.0
1620442335.0,25.0
1620442335.0,25.0
1620443535.0,25.0
1620443535.0,25.0
1620443535.0,25.0
1620444735.0,25.0
1620444735.0,25.0
1620444735.0,25.0
1620445935.0,25.0
1620445935.0,25.0
1620445935.0,25.0
1620447135.0,25.0
1620447135.0,25.0
1620447135.0,25.0
1620448335.0,25.0
1620448335.0,25.0
1620448335.0,25.0
1620449535.0,25.0
1620449535.0,25.0
1620449535.0,25.0
1620450735.0,25.0
1620450735.0,25.0
1620450735.0,25.0
1620451935.0,25.0
1620451935.0,25.0
1620451935.0,25.0
1620453135.0,25.0
1620453135.0,25.0
1620453135.0,25.0
1620454335.0,25.0
1620454335.0,25.0
1620454335.0,25.0
1620455536.0,25.0
1620455536.0,25.0
1620455536.0,25.0
1620456736.0,25.0
1620456736.0,25.0
1620456736.0,25.0
1620457936.0,25.0
1620457936.0,25.0
1620457936.0,25.0
1620459136.0,25.0
1620459136.0,25.0
1620459136.0,25.0
1620460335.0,25.0
1620460335.0,25.0
1620460335.0,25.0
1620461536.0,25.0
1620461536.0,25.0
1620461536.0,25.0
1620462735.0,25.0
1620462735.0,25.0
1620462735.0,25.0
1620463937.0,25.0
1620463937.0,25.0
1620463937.0,25.0
1620465136.0,25.0
1620465136.0,25.0
1620465136.0,25.0
1620466336.0,25.0
1620466336.0,25.0
1620466336.0,25.0
1620467536.0,25.0
1620467536.0,25.0
1620467536.0,25.0
1620468736.0,25.0
1620468736.0,25.0
1620468736.0,25.0
1620469936.0,25.0
1620469936.0,25.0
1620469936.0,25.0
1620471136.0,24.0
1620471136.0,24.0
1620471136.0,24.0
1620472336.0,24.0
1620472336.0,24.0
1620472336.0,24.0
1620473536.0,24.0
1620473536.0,24.0
1620473536.0,24.0
1620474737.0,24.0
1620474737.0,24.0
1620474737.0,24.0
1620475937.0,24.0
1620475937.0,24.0
1620475937.0,24.0
1620477136.0,24.0
1620477136.0,24.0
1620477136.0,24.0
1620478337.0,24.0
1620478337.0,24.0
1620478337.0,24.0
1620479537.0,24.0
1620479537.0,24.0
1620479537.0,24.0
1620480737.0,24.0
1620480737.0,24.0
1620480737.0,24.0
1620481937.0,24.0
1620481937.0,24.0
1620481937.0,24.0
1620483137.0,24.0
1620483137.0,24.0
1620483137.0,24.0
1620484337.0,23.0
1620484337.0,23.0
1620484337.0,23.0
1620485537.0,23.0
1620485537.0,23.0
1620485537.0,23.0
1620486737.0,23.0
1620486737.0,23.0
1620486737.0,23.0
1620487937.0,23.0
1620487937.0,23.0
1620487937.0,23.0
1620489137.0,23.0
1620489137.0,23.0
1620489137.0,23.0
1620490337.0,23.0
1620490337.0,23.0
1620490337.0,23.0
1620491537.0,23.0
1620491537.0,23.0
1620491537.0,23.0
1620492737.0,23.0
1620492737.0,23.0
1620492737.0,23.0
1620493937.0,23.0
1620493937.0,23.0
1620493937.0,23.0
1620495137.0,23.0
1620495137.0,23.0
1620495137.0,23.0
1620496337.0,23.0
1620496337.0,23.0
1620496337.0,23.0
1620497537.0,23.0
1620497537.0,23.0
1620497537.0,23.0
1620498737.0,23.0
1620498737.0,23.0
1620498737.0,23.0
1620499937.0,23.0
1620499937.0,23.0
1620499937.0,23.0
1620501138.0,23.0
1620501138.0,23.0
1620501138.0,23.0
1620502337.0,23.0
1620502337.0,23.0
1620502337.0,23.0
1620503537.0,23.0
1620503537.0,23.0
1620503537.0,23.0
1620504738.0,23.0
1620504738.0,23.0
1620504738.0,23.0
1620505938.0,23.0
1620505938.0,23.0
1620505938.0,23.0
1620507138.0,23.0
1620507138.0,23.0
1620507138.0,23.0
1620508338.0,23.0
1620508338.0,23.0
1620508338.0,23.0
1620509538.0,23.0
1620509538.0,23.0
1620509538.0,23.0
1620510738.0,23.0
1620510738.0,23.0
1620510738.0,23.0
1620511938.0,23.0
1620511938.0,23.0
1620511938.0,23.0
1620513138.0,23.0
1620513138.0,23.0
1620513138.0,23.0
1620514338.0,23.0
1620514338.0,23.0
1620514338.0,23.0
1620515538.0,23.0
1620515538.0,23.0
1620515538.0,23.0
1620516738.0,23.0
1620516738.0,23.0
1620516738.0,23.0
1620517939.0,23.0
1620517939.0,23.0
1620517939.0,23.0
1620519138.0,23.0
1620519138.0,23.0
1620519138.0,23.0
1620520339.0,23.0
1620520339.0,23.0
1620520339.0,23.0
1620521538.0,23.0
1620521538.0,23.0
1620521538.0,23.0
1620522744.0,23.0
1620522744.0,23.0
1620522744.0,23.0
1620523939.0,23.0
1620523939.0,23.0
1620523939.0,23.0
1620525139.0,23.0
1620525139.0,23.0
1620525139.0,23.0
1620526339.0,23.0
1620526339.0,23.0
1620526339.0,23.0
1620527539.0,23.0
1620527539.0,23.0
1620527539.0,23.0
1620528739.0,23.0
1620528739.0,23.0
1620528739.0,23.0
1620529939.0,23.0
1620529939.0,23.0
1620529939.0,23.0
1620531139.0,36.0
1620531139.0,36.0
1620531139.0,36.0
1620532339.0,30.0
1620532339.0,30.0
1620532339.0,30.0
1620533539.0,29.0
1620533539.0,29.0
1620533539.0,29.0
1620534739.0,29.0
1620534739.0,29.0
1620534739.0,29.0
1620535939.0,28.0
1620535939.0,28.0
1620535939.0,28.0
1620537139.0,28.0
1620537139.0,28.0
1620537139.0,28.0
1620538340.0,28.0
1620538340.0,28.0
1620538340.0,28.0
1620539540.0,28.0
1620539540.0,28.0
1620539540.0,28.0
1620540740.0,27.0
1620540740.0,27.0
1620540740.0,27.0
1620541941.0,27.0
1620541941.0,27.0
1620541941.0,27.0
1620543140.0,27.0
1620543140.0,27.0
1620543140.0,27.0
1620544339.0,27.0
1620544339.0,27.0
1620544339.0,27.0
1620545539.0,27.0
1620545539.0,27.0
1620545539.0,27.0
1620546740.0,27.0
1620546740.0,27.0
1620546740.0,27.0
1620547940.0,27.0
1620547940.0,27.0
1620547940.0,27.0
1620549140.0,26.0
1620549140.0,26.0
1620549140.0,26.0
1620550340.0,26.0
1620550340.0,26.0
1620550340.0,26.0
1620551540.0,26.0
1620551540.0,26.0
1620551540.0,26.0
1620552740.0,26.0
1620552740.0,26.0
1620552740.0,26.0
1620553940.0,26.0
1620553940.0,26.0
1620553940.0,26.0
1620555140.0,26.0
1620555140.0,26.0
1620555140.0,26.0
1620556341.0,26.0
1620556341.0,26.0
1620556341.0,26.0
1620557541.0,25.0
1620557541.0,25.0
1620557541.0,25.0
1620558740.0,25.0
1620558740.0,25.0
1620558740.0,25.0
1620559941.0,25.0
1620559941.0,25.0
1620559941.0,25.0
1620561141.0,25.0
1620561141.0,25.0
1620561141.0,25.0
1620562341.0,25.0
1620562341.0,25.0
1620562341.0,25.0
1620563541.0,25.0
1620563541.0,25.0
1620563541.0,25.0
1620564741.0,25.0
1620564741.0,25.0
1620564741.0,25.0
1620565941.0,25.0
1620565941.0,25.0
1620565941.0,25.0
1620567141.0,24.0
1620567141.0,24.0
1620567141.0,24.0
1620568341.0,24.0
1620568341.0,24.0
1620568341.0,24.0
1620569541.0,24.0
1620569541.0,24.0
1620569541.0,24.0
1620570741.0,24.0
1620570741.0,24.0
1620570741.0,24.0
1620571941.0,24.0
1620571941.0,24.0
1620571941.0,24.0
1620573141.0,24.0
1620573141.0,24.0
1620573141.0,24.0
1620574341.0,24.0
1620574341.0,24.0
1620574341.0,24.0
1620575541.0,24.0
1620575541.0,24.0
1620575541.0,24.0
1620576741.0,24.0
1620576741.0,24.0
1620576741.0,24.0
1620577941.0,24.0
1620577941.0,24.0
1620577941.0,24.0
1620579141.0,24.0
1620579141.0,24.0
1620579141.0,24.0
1620580341.0,24.0
1620580341.0,24.0
1620580341.0,24.0
1620581541.0,24.0
1620581541.0,24.0
1620581541.0,24.0
1620582742.0,23.0
1620582742.0,23.0
1620582742.0,23.0
1620583942.0,23.0
1620583942.0,23.0
1620583942.0,23.0
1620585142.0,23.0
1620585142.0,23.0
1620585142.0,23.0
1620586342.0,23.0
1620586342.0,23.0
1620586342.0,23.0
1620587542.0,23.0
1620587542.0,23.0
1620587542.0,23.0
1620588741.0,23.0
1620588741.0,23.0
1620588741.0,23.0
1620589942.0,23.0
1620589942.0,23.0
1620589942.0,23.0
1620591142.0,23.0
1620591142.0,23.0
1620591142.0,23.0
1620592342.0,23.0
1620592342.0,23.0
1620592342.0,23.0
1620593542.0,23.0
1620593542.0,23.0
1620593542.0,23.0
1620594741.0,23.0
1620594741.0,23.0
1620594741.0,23.0
1620595942.0,23.0
1620595942.0,23.0
1620595942.0,23.0
1620597142.0,23.0
1620597142.0,23.0
1620597142.0,23.0
1620598342.0,23.0
1620598342.0,23.0
1620598342.0,23.0
1620599542.0,23.0
1620599542.0,23.0
1620599542.0,23.0
1620600742.0,23.0
1620600742.0,23.0
1620600742.0,23.0
1620601942.0,23.0
1620601942.0,23.0
1620601942.0,23.0
1620603142.0,23.0
1620603142.0,23.0
1620603142.0,23.0
1620604342.0,23.0
1620604342.0,23.0
1620604342.0,23.0
1620605542.0,23.0
1620605542.0,23.0
1620605542.0,23.0
1620606743.0,23.0
1620606743.0,23.0
1620606743.0,23.0
1620607943.0,23.0
1620607943.0,23.0
1620607943.0,23.0
1620609142.0,23.0
1620609142.0,23.0
1620609142.0,23.0
1620610343.0,23.0
1620610343.0,23.0
1620610343.0,23.0
1620611543.0,23.0
1620611543.0,23.0
1620611543.0,23.0
1620612743.0,23.0
1620612743.0,23.0
1620612743.0,23.0
1620613943.0,23.0
1620613943.0,23.0
1620613943.0,23.0
1620615143.0,23.0
1620615143.0,23.0
1620615143.0,23.0
1620616343.0,23.0
1620616343.0,23.0
1620616343.0,23.0
1620617543.0,23.0
1620617543.0,23.0
1620617543.0,23.0
1620618743.0,23.0
1620618743.0,23.0
1620618743.0,23.0
1620619943.0,23.0
1620619943.0,23.0
1620619943.0,23.0
1620621143.0,23.0
1620621143.0,23.0
1620621143.0,23.0
1620622344.0,23.0
1620622344.0,23.0
1620622344.0,23.0
1620623543.0,23.0
1620623543.0,23.0
1620623543.0,23.0
1620624744.0,23.0
1620624744.0,23.0
1620624744.0,23.0
1620625944.0,24.0
1620625944.0,24.0
1620625944.0,24.0
1620627144.0,25.0
1620627144.0,25.0
1620627144.0,25.0
1620628344.0,26.0
1620628344.0,26.0
1620628344.0,26.0
1620629543.0,26.0
1620629543.0,26.0
1620629543.0,26.0
1620630744.0,27.0
1620630744.0,27.0
1620630744.0,27.0
1620631944.0,0.0
1620631944.0,0.0
1620631944.0,0.0
1620633144.0,0.0
1620633144.0,0.0
1620633144.0,0.0
1620634344.0,0.0
1620634344.0,0.0
1620634344.0,0.0
1620635544.0,0.0
1620635544.0,0.0
1620635544.0,0.0
1620637944.0,0.0
1620637944.0,0.0
1620637944.0,0.0
1620639144.0,38.0
1620639144.0,38.0
1620639144.0,38.0
1620640344.0,42.0
1620640344.0,42.0
1620640344.0,42.0
1620641544.0,44.0
1620641544.0,44.0
1620641544.0,44.0
1620642744.0,46.0
1620642744.0,46.0
1620642744.0,46.0
1620643945.0,46.0
1620643945.0,46.0
1620643945.0,46.0
1620645145.0,46.0
1620645145.0,46.0
1620645145.0,46.0
1620646345.0,47.0
1620646345.0,47.0
1620646345.0,47.0
1620647545.0,47.0
1620647545.0,47.0
1620647545.0,47.0
1620648744.0,47.0
1620648744.0,47.0
1620648744.0,47.0
1620649945.0,47.0
1620649945.0,47.0
1620649945.0,47.0
1620651145.0,47.0
1620651145.0,47.0
1620651145.0,47.0
1620652345.0,47.0
1620652345.0,47.0
1620652345.0,47.0
1620653545.0,48.0
1620653545.0,48.0
1620653545.0,48.0
1620654745.0,48.0
1620654745.0,48.0
1620654745.0,48.0
1620655945.0,49.0
1620655945.0,49.0
1620655945.0,49.0
1620657145.0,50.0
1620657145.0,50.0
1620657145.0,50.0
1620658345.0,52.0
1620658345.0,52.0
1620658345.0,52.0
1620659545.0,53.0
1620659545.0,53.0
1620659545.0,53.0
1620660745.0,53.0
1620660745.0,53.0
1620660745.0,53.0
1620661945.0,54.0
1620661945.0,54.0
1620661945.0,54.0
1620663145.0,54.0
1620663145.0,54.0
1620663145.0,54.0
1620664345.0,53.0
1620664345.0,53.0
1620664345.0,53.0
1620665546.0,53.0
1620665546.0,53.0
1620665546.0,53.0
1620666745.0,53.0
1620666745.0,53.0
1620666745.0,53.0
1620667946.0,53.0
1620667946.0,53.0
1620667946.0,53.0
1620669146.0,53.0
1620669146.0,53.0
1620669146.0,53.0
1620670346.0,53.0
1620670346.0,53.0
1620670346.0,53.0
1620671546.0,52.0
1620671546.0,52.0
1620671546.0,52.0
1620672746.0,52.0
1620672746.0,52.0
1620672746.0,52.0
1620673946.0,51.0
1620673946.0,51.0
1620673946.0,51.0
1620675146.0,51.0
1620675146.0,51.0
1620675146.0,51.0
1620676346.0,51.0
1620676346.0,51.0
1620676346.0,51.0
1620677546.0,51.0
1620677546.0,51.0
1620677546.0,51.0
1620678746.0,50.0
1620678746.0,50.0
1620678746.0,50.0
1620679946.0,50.0
1620679946.0,50.0
1620679946.0,50.0
1620681146.0,50.0
1620681146.0,50.0
1620681146.0,50.0
1620682346.0,50.0
1620682346.0,50.0
1620682346.0,50.0
1620683546.0,50.0
1620683546.0,50.0
1620683546.0,50.0
1620684747.0,50.0
1620684747.0,50.0
1620684747.0,50.0
1620685946.0,50.0
1620685946.0,50.0
1620685946.0,50.0
1620687147.0,50.0
1620687147.0,50.0
1620687147.0,50.0
1620688347.0,50.0
1620688347.0,50.0
1620688347.0,50.0
1620689547.0,50.0
1620689547.0,50.0
1620689547.0,50.0
1620690746.0,50.0
1620690746.0,50.0
1620690746.0,50.0
1620691947.0,50.0
1620691947.0,50.0
1620691947.0,50.0
1620693147.0,50.0
1620693147.0,50.0
1620693147.0,50.0
1620694347.0,50.0
1620694347.0,50.0
1620694347.0,50.0
1620695547.0,49.0
1620695547.0,49.0
1620695547.0,49.0
1620696747.0,49.0
1620696747.0,49.0
1620696747.0,49.0
1620697947.0,49.0
1620697947.0,49.0
1620697947.0,49.0
1620699147.0,49.0
1620699147.0,49.0
1620699147.0,49.0
1620700348.0,49.0
1620700348.0,49.0
1620700348.0,49.0
1620701547.0,49.0
1620701547.0,49.0
1620701547.0,49.0
1620702747.0,49.0
1620702747.0,49.0
1620702747.0,49.0
1620703947.0,49.0
1620703947.0,49.0
1620703947.0,49.0
1620705148.0,49.0
1620705148.0,49.0
1620705148.0,49.0
1620706347.0,49.0
1620706347.0,49.0
1620706347.0,49.0
1620707548.0,49.0
1620707548.0,49.0
1620707548.0,49.0
1620708748.0,49.0
1620708748.0,49.0
1620708748.0,49.0
1620709948.0,49.0
1620709948.0,49.0
1620709948.0,49.0
1620711148.0,49.0
1620711148.0,49.0
1620711148.0,49.0
1620712347.0,49.0
1620712347.0,49.0
1620712347.0,49.0
1620713548.0,49.0
1620713548.0,49.0
1620713548.0,49.0
1620714748.0,49.0
1620714748.0,49.0
1620714748.0,49.0
1620715948.0,49.0
1620715948.0,49.0
1620715948.0,49.0
1620717148.0,50.0
1620717148.0,50.0
1620717148.0,50.0
1620718348.0,50.0
1620718348.0,50.0
1620718348.0,50.0
1620719548.0,50.0
1620719548.0,50.0
1620719548.0,50.0
1620720748.0,50.0
1620720748.0,50.0
1620720748.0,50.0
1620721948.0,50.0
1620721948.0,50.0
1620721948.0,50.0
1620723148.0,50.0
1620723148.0,50.0
1620723148.0,50.0
1620724348.0,50.0
1620724348.0,50.0
1620724348.0,50.0
1620725548.0,49.0
1620725548.0,49.0
1620725548.0,49.0
1620726749.0,49.0
1620726749.0,49.0
1620726749.0,49.0
1620727949.0,49.0
1620727949.0,49.0
1620727949.0,49.0
1620729149.0,49.0
1620729149.0,49.0
1620729149.0,49.0
1620730349.0,49.0
1620730349.0,49.0
1620730349.0,49.0
1620731549.0,49.0
1620731549.0,49.0
1620731549.0,49.0
1620732749.0,49.0
1620732749.0,49.0
1620732749.0,49.0
1620733949.0,48.0
1620733949.0,48.0
1620733949.0,48.0
1620735149.0,48.0
1620735149.0,48.0
1620735149.0,48.0
1620736349.0,48.0
1620736349.0,48.0
1620736349.0,48.0
1620737549.0,48.0
1620737549.0,48.0
1620737549.0,48.0
1620738749.0,48.0
1620738749.0,48.0
1620738749.0,48.0
1620739949.0,48.0
1620739949.0,48.0
1620739949.0,48.0
1620741149.0,47.0
1620741149.0,47.0
1620741149.0,47.0
1620742349.0,47.0
1620742349.0,47.0
1620742349.0,47.0
1620743549.0,47.0
1620743549.0,47.0
1620743549.0,47.0
1620744750.0,47.0
1620744750.0,47.0
1620744750.0,47.0
1620745949.0,47.0
1620745949.0,47.0
1620745949.0,47.0
1620747150.0,47.0
1620747150.0,47.0
1620747150.0,47.0
1620748350.0,47.0
1620748350.0,47.0
1620748350.0,47.0
1620749549.0,47.0
1620749549.0,47.0
1620749549.0,47.0
1620750750.0,47.0
1620750750.0,47.0
1620750750.0,47.0
1620751950.0,47.0
1620751950.0,47.0
1620751950.0,47.0
1620753150.0,47.0
1620753150.0,47.0
1620753150.0,47.0
1620754350.0,47.0
1620754350.0,47.0
1620754350.0,47.0
1620755550.0,47.0
1620755550.0,47.0
1620755550.0,47.0
1620756750.0,47.0
1620756750.0,47.0
1620756750.0,47.0
1620757950.0,47.0
1620757950.0,47.0
1620757950.0,47.0
1620759150.0,47.0
1620759150.0,47.0
1620759150.0,47.0
1620760350.0,47.0
1620760350.0,47.0
1620760350.0,47.0
1620761550.0,47.0
1620761550.0,47.0
1620761550.0,47.0
1620762750.0,47.0
1620762750.0,47.0
1620762750.0,47.0
1620763950.0,47.0
1620763950.0,47.0
1620763950.0,47.0
1620765150.0,47.0
1620765150.0,47.0
1620765150.0,47.0
1620766351.0,47.0
1620766351.0,47.0
1620766351.0,47.0
1620767551.0,47.0
1620767551.0,47.0
1620767551.0,47.0
1620768751.0,47.0
1620768751.0,47.0
1620768751.0,47.0
1620769951.0,47.0
1620769951.0,47.0
1620769951.0,47.0
1620771151.0,47.0
1620771151.0,47.0
1620771151.0,47.0
1620772350.0,47.0
1620772350.0,47.0
1620772350.0,47.0
1620773551.0,47.0
1620773551.0,47.0
1620773551.0,47.0
1620774751.0,47.0
1620774751.0,47.0
1620774751.0,47.0
1620775951.0,46.0
1620775951.0,46.0
1620775951.0,46.0
1620777151.0,46.0
1620777151.0,46.0
1620777151.0,46.0
1620778351.0,46.0
1620778351.0,46.0
1620778351.0,46.0
1620779552.0,46.0
1620779552.0,46.0
1620779552.0,46.0
1620780751.0,46.0
1620780751.0,46.0
1620780751.0,46.0
1620781951.0,46.0
1620781951.0,46.0
1620781951.0,46.0
1620783151.0,46.0
1620783151.0,46.0
1620783151.0,46.0
1620784351.0,46.0
1620784351.0,46.0
1620784351.0,46.0
1620785552.0,46.0
1620785552.0,46.0
1620785552.0,46.0
1620786752.0,46.0
1620786752.0,46.0
1620786752.0,46.0
1620787952.0,46.0
1620787952.0,46.0
1620787952.0,46.0
1620789152.0,46.0
1620789152.0,46.0
1620789152.0,46.0
1620790352.0,46.0
1620790352.0,46.0
1620790352.0,46.0
1620791552.0,46.0
1620791552.0,46.0
1620791552.0,46.0
1620792752.0,46.0
1620792752.0,46.0
1620792752.0,46.0
1620793952.0,46.0
1620793952.0,46.0
1620793952.0,46.0
1620795152.0,46.0
1620795152.0,46.0
1620795152.0,46.0
1620796352.0,46.0
1620796352.0,46.0
1620796352.0,46.0
1620797552.0,46.0
1620797552.0,46.0
1620797552.0,46.0
1620798752.0,46.0
1620798752.0,46.0
1620798752.0,46.0
1620799952.0,46.0
1620799952.0,46.0
1620799952.0,46.0
1620802352.0,45.0
1620802352.0,45.0
1620802352.0,45.0
1620803553.0,45.0
1620803553.0,45.0
1620803553.0,45.0
1620804753.0,45.0
1620804753.0,45.0
1620804753.0,45.0
1620805952.0,45.0
1620805952.0,45.0
1620805952.0,45.0
1620807153.0,45.0
1620807153.0,45.0
1620807153.0,45.0
1620808353.0,45.0
1620808353.0,45.0
1620808353.0,45.0
1620809553.0,45.0
1620809553.0,45.0
1620809553.0,45.0
1620810753.0,45.0
1620810753.0,45.0
1620810753.0,45.0
1620811953.0,44.0
1620811953.0,44.0
1620811953.0,44.0
1620813153.0,44.0
1620813153.0,44.0
1620813153.0,44.0
1620814353.0,44.0
1620814353.0,44.0
1620814353.0,44.0
1620815553.0,44.0
1620815553.0,44.0
1620815553.0,44.0
1620816753.0,44.0
1620816753.0,44.0
1620816753.0,44.0
1620817953.0,44.0
1620817953.0,44.0
1620817953.0,44.0
1620819153.0,43.0
1620819153.0,43.0
1620819153.0,43.0
1620820354.0,43.0
1620820354.0,43.0
1620820354.0,43.0
1620821553.0,43.0
1620821553.0,43.0
1620821553.0,43.0
1620822753.0,43.0
1620822753.0,43.0
1620822753.0,43.0
1620823953.0,43.0
1620823953.0,43.0
1620823953.0,43.0
1620825154.0,43.0
1620825154.0,43.0
1620825154.0,43.0
1620826354.0,42.0
1620826354.0,42.0
1620826354.0,42.0
1620827554.0,42.0
1620827554.0,42.0
1620827554.0,42.0
1620828753.0,42.0
1620828753.0,42.0
1620828753.0,42.0
1620829954.0,42.0
1620829954.0,42.0
1620829954.0,42.0
1620831154.0,42.0
1620831154.0,42.0
1620831154.0,42.0
1620832354.0,42.0
1620832354.0,42.0
1620832354.0,42.0
1620835959.0,41.0
1620835959.0,41.0
1620835959.0,41.0
1620837159.0,41.0
1620837159.0,41.0
1620837159.0,41.0
1620838354.0,41.0
1620838354.0,41.0
1620838354.0,41.0
1620839559.0,41.0
1620839559.0,41.0
1620839559.0,41.0
1620840754.0,41.0
1620840754.0,41.0
1620840754.0,41.0
1620841954.0,41.0
1620841954.0,41.0
1620841954.0,41.0
1620843154.0,41.0
1620843154.0,41.0
1620843154.0,41.0
1620844359.0,41.0
1620844359.0,41.0
1620844359.0,41.0
1620845559.0,41.0
1620845559.0,41.0
1620845559.0,41.0
1620846759.0,41.0
1620846759.0,41.0
1620846759.0,41.0
1620847955.0,41.0
1620847955.0,41.0
1620847955.0,41.0
1620849155.0,41.0
1620849155.0,41.0
1620849155.0,41.0
1620850360.0,41.0
1620850360.0,41.0
1620850360.0,41.0
1620851560.0,41.0
1620851560.0,41.0
1620851560.0,41.0
1620852755.0,41.0
1620852755.0,41.0
1620852755.0,41.0
1620853955.0,41.0
1620853955.0,41.0
1620853955.0,41.0
1620855155.0,41.0
1620855155.0,41.0
1620855155.0,41.0
1620856360.0,41.0
1620856360.0,41.0
1620856360.0,41.0
1620857556.0,41.0
1620857556.0,41.0
1620857556.0,41.0
1620858755.0,41.0
1620858755.0,41.0
1620858755.0,41.0
1620859960.0,41.0
1620859960.0,41.0
1620859960.0,41.0
1620861160.0,41.0
1620861160.0,41.0
1620861160.0,41.0
1620862360.0,40.0
1620862360.0,40.0
1620862360.0,40.0
1620863555.0,40.0
1620863555.0,40.0
1620863555.0,40.0
1620864760.0,40.0
1620864760.0,40.0
1620864760.0,40.0
1620865959.0,40.0
1620865959.0,40.0
1620865959.0,40.0
1620867160.0,40.0
1620867160.0,40.0
1620867160.0,40.0
1620868361.0,40.0
1620868361.0,40.0
1620868361.0,40.0
1620869561.0,40.0
1620869561.0,40.0
1620869561.0,40.0
1620870761.0,40.0
1620870761.0,40.0
1620870761.0,40.0
1620871959.0,40.0
1620871959.0,40.0
1620871959.0,40.0
1620873158.0,40.0
1620873158.0,40.0
1620873158.0,40.0
1620874359.0,40.0
1620874359.0,40.0
1620874359.0,40.0
1620875556.0,40.0
1620875556.0,40.0
1620875556.0,40.0
1620876761.0,40.0
1620876761.0,40.0
1620876761.0,40.0
1620877956.0,40.0
1620877956.0,40.0
1620877956.0,40.0
1620879158.0,40.0
1620879158.0,40.0
1620879158.0,40.0
1620880361.0,40.0
1620880361.0,40.0
1620880361.0,40.0
1620881561.0,40.0
1620881561.0,40.0
1620881561.0,40.0
1620882756.0,40.0
1620882756.0,40.0
1620882756.0,40.0
1620883957.0,40.0
1620883957.0,40.0
1620883957.0,40.0
1620885160.0,40.0
1620885160.0,40.0
1620885160.0,40.0
1620886362.0,40.0
1620886362.0,40.0
1620886362.0,40.0
1620887557.0,40.0
1620887557.0,40.0
1620887557.0,40.0
1620888762.0,40.0
1620888762.0,40.0
1620888762.0,40.0
1620889961.0,40.0
1620889961.0,40.0
1620889961.0,40.0
1620891162.0,40.0
1620891162.0,40.0
1620891162.0,40.0
1620892357.0,39.0
1620892357.0,39.0
1620892357.0,39.0
1620893562.0,39.0
1620893562.0,39.0
1620893562.0,39.0
1620894762.0,39.0
1620894762.0,39.0
1620894762.0,39.0
1620895962.0,39.0
1620895962.0,39.0
1620895962.0,39.0
1620897157.0,39.0
1620897157.0,39.0
1620897157.0,39.0
1620898357.0,39.0
1620898357.0,39.0
1620898357.0,39.0
1620899557.0,39.0
1620899557.0,39.0
1620899557.0,39.0
1620900757.0,39.0
1620900757.0,39.0
1620900757.0,39.0
1620901962.0,39.0
1620901962.0,39.0
1620901962.0,39.0
1620903157.0,39.0
1620903157.0,39.0
1620903157.0,39.0
1620904362.0,39.0
1620904362.0,39.0
1620904362.0,39.0
1620905563.0,39.0
1620905563.0,39.0
1620905563.0,39.0
1620906763.0,38.0
1620906763.0,38.0
1620906763.0,38.0
1620907958.0,38.0
1620907958.0,38.0
1620907958.0,38.0
1620909158.0,38.0
1620909158.0,38.0
1620909158.0,38.0
